C:\Python27\lib\site-packages\music21\corpus\bach\bwv31.9.mxl,13
C:\Python27\lib\site-packages\music21\corpus\bach\bwv69.6-a.xml,8
C:\Python27\lib\site-packages\music21\corpus\bach\bwv12.7.mxl,8
C:\Python27\lib\site-packages\music21\corpus\bach\bwv345.mxl,6
C:\Python27\lib\site-packages\music21\corpus\bach\bwv250.mxl,6
C:\Python27\lib\site-packages\music21\corpus\bach\bwv423.mxl,5
C:\Python27\lib\site-packages\music21\corpus\bach\bwv384.mxl,5
C:\Python27\lib\site-packages\music21\corpus\bach\bwv394.mxl,4
C:\Python27\lib\site-packages\music21\corpus\bach\bwv245.40.mxl,4
C:\Python27\lib\site-packages\music21\corpus\bach\bwv120.8-a.mxl,4
C:\Python27\lib\site-packages\music21\corpus\bach\bwv137.5.mxl,3
C:\Python27\lib\site-packages\music21\corpus\bach\bwv126.6.mxl,3
C:\Python27\lib\site-packages\music21\corpus\bach\bwv190.7.mxl,3
C:\Python27\lib\site-packages\music21\corpus\bach\bwv184.5.mxl,3
C:\Python27\lib\site-packages\music21\corpus\bach\bwv437.mxl,3
C:\Python27\lib\site-packages\music21\corpus\bach\bwv136.6.mxl,3
C:\Python27\lib\site-packages\music21\corpus\bach\bwv190.7-inst.mxl,3
C:\Python27\lib\site-packages\music21\corpus\bach\bwv97.9.mxl,3
C:\Python27\lib\site-packages\music21\corpus\bach\bwv117.4.mxl,2
C:\Python27\lib\site-packages\music21\corpus\bach\bwv248.42-s.mxl,2
C:\Python27\lib\site-packages\music21\corpus\bach\bwv174.5.mxl,2
C:\Python27\lib\site-packages\music21\corpus\bach\bwv340.mxl,2
C:\Python27\lib\site-packages\music21\corpus\bach\bwv13.6.mxl,2
C:\Python27\lib\site-packages\music21\corpus\bach\bwv335.mxl,2
C:\Python27\lib\site-packages\music21\corpus\bach\bwv362.mxl,2
C:\Python27\lib\site-packages\music21\corpus\bach\bwv251.mxl,2
C:\Python27\lib\site-packages\music21\corpus\bach\bwv399.mxl,2
C:\Python27\lib\site-packages\music21\corpus\bach\bwv248.42-4.mxl,2
C:\Python27\lib\site-packages\music21\corpus\bach\bwv44.7.mxl,2
C:\Python27\lib\site-packages\music21\corpus\bach\bwv55.5.mxl,2
C:\Python27\lib\site-packages\music21\corpus\bach\bwv366.mxl,2
C:\Python27\lib\site-packages\music21\corpus\bach\bwv418.mxl,1
C:\Python27\lib\site-packages\music21\corpus\bach\bwv376.mxl,1
C:\Python27\lib\site-packages\music21\corpus\bach\bwv185.6.mxl,1
C:\Python27\lib\site-packages\music21\corpus\bach\bwv320.mxl,1
C:\Python27\lib\site-packages\music21\corpus\bach\bwv155.5.mxl,1
C:\Python27\lib\site-packages\music21\corpus\bach\bwv29.8.mxl,1
C:\Python27\lib\site-packages\music21\corpus\bach\bwv248.17.mxl,1
C:\Python27\lib\site-packages\music21\corpus\bach\bwv149.7.mxl,1
C:\Python27\lib\site-packages\music21\corpus\bach\bwv226.2.mxl,1
C:\Python27\lib\site-packages\music21\corpus\bach\bwv261.mxl,1
C:\Python27\lib\site-packages\music21\corpus\bach\bwv299.mxl,1
