C:\Python27\lib\site-packages\music21\corpus\bach\bwv407.mxl,11
C:\Python27\lib\site-packages\music21\corpus\bach\bwv226.2.mxl,10
C:\Python27\lib\site-packages\music21\corpus\bach\bwv175.7.mxl,9
C:\Python27\lib\site-packages\music21\corpus\bach\bwv59.3.mxl,9
C:\Python27\lib\site-packages\music21\corpus\bach\bwv388.xml,8
C:\Python27\lib\site-packages\music21\corpus\bach\bwv57.8.mxl,8
C:\Python27\lib\site-packages\music21\corpus\bach\bwv313.mxl,8
C:\Python27\lib\site-packages\music21\corpus\bach\bwv330.mxl,7
C:\Python27\lib\site-packages\music21\corpus\bach\bwv197.5.mxl,7
C:\Python27\lib\site-packages\music21\corpus\bach\bwv227.7.mxl,6
C:\Python27\lib\site-packages\music21\corpus\bach\bwv316.mxl,6
C:\Python27\lib\site-packages\music21\corpus\bach\bwv299.mxl,6
C:\Python27\lib\site-packages\music21\corpus\bach\bwv25.6.mxl,6
C:\Python27\lib\site-packages\music21\corpus\bach\bwv112.5.mxl,5
C:\Python27\lib\site-packages\music21\corpus\bach\bwv245.11.mxl,5
C:\Python27\lib\site-packages\music21\corpus\bach\bwv13.6.mxl,5
C:\Python27\lib\site-packages\music21\corpus\bach\bwv376.mxl,5
C:\Python27\lib\site-packages\music21\corpus\bach\bwv112.5-sc.mxl,5
C:\Python27\lib\site-packages\music21\corpus\bach\bwv277.mxl,4
C:\Python27\lib\site-packages\music21\corpus\bach\bwv410.mxl,4
C:\Python27\lib\site-packages\music21\corpus\bach\bwv394.mxl,4
C:\Python27\lib\site-packages\music21\corpus\bach\bwv177.5.mxl,4
C:\Python27\lib\site-packages\music21\corpus\bach\bwv80.8.mxl,4
C:\Python27\lib\site-packages\music21\corpus\bach\bwv389.mxl,4
C:\Python27\lib\site-packages\music21\corpus\bach\bwv1.6.mxl,4
C:\Python27\lib\site-packages\music21\corpus\bach\bwv176.6.mxl,4
C:\Python27\lib\site-packages\music21\corpus\bach\bwv97.9.mxl,4
C:\Python27\lib\site-packages\music21\corpus\bach\bwv315.mxl,4
C:\Python27\lib\site-packages\music21\corpus\bach\bwv402.mxl,4
C:\Python27\lib\site-packages\music21\corpus\bach\bwv6.6.mxl,4
C:\Python27\lib\site-packages\music21\corpus\bach\bwv302.mxl,4
C:\Python27\lib\site-packages\music21\corpus\bach\bwv120.8-a.mxl,4
C:\Python27\lib\site-packages\music21\corpus\bach\bwv153.9.mxl,3
C:\Python27\lib\site-packages\music21\corpus\bach\bwv20.7.mxl,3
C:\Python27\lib\site-packages\music21\corpus\bach\bwv136.6.mxl,3
C:\Python27\lib\site-packages\music21\corpus\bach\bwv244.32.mxl,3
C:\Python27\lib\site-packages\music21\corpus\bach\bwv244.46.mxl,3
C:\Python27\lib\site-packages\music21\corpus\bach\bwv385.mxl,3
C:\Python27\lib\site-packages\music21\corpus\bach\bwv348.mxl,3
C:\Python27\lib\site-packages\music21\corpus\bach\bwv404.mxl,3
C:\Python27\lib\site-packages\music21\corpus\bach\bwv360.mxl,3
C:\Python27\lib\site-packages\music21\corpus\bach\bwv20.11.mxl,3
C:\Python27\lib\site-packages\music21\corpus\bach\bwv40.8.mxl,3
C:\Python27\lib\site-packages\music21\corpus\bach\bwv42.7.mxl,3
C:\Python27\lib\site-packages\music21\corpus\bach\bwv174.5.mxl,3
C:\Python27\lib\site-packages\music21\corpus\bach\bwv39.7.mxl,3
C:\Python27\lib\site-packages\music21\corpus\bach\bwv251.mxl,3
C:\Python27\lib\site-packages\music21\corpus\bach\bwv245.14.mxl,2
C:\Python27\lib\site-packages\music21\corpus\bach\bwv420.mxl,2
C:\Python27\lib\site-packages\music21\corpus\bach\bwv137.5.mxl,2
C:\Python27\lib\site-packages\music21\corpus\bach\bwv347.mxl,2
C:\Python27\lib\site-packages\music21\corpus\bach\bwv244.37.mxl,2
C:\Python27\lib\site-packages\music21\corpus\bach\bwv395.mxl,2
C:\Python27\lib\site-packages\music21\corpus\bach\bwv260.mxl,2
C:\Python27\lib\site-packages\music21\corpus\bach\bwv248.23-2.mxl,2
C:\Python27\lib\site-packages\music21\corpus\bach\bwv86.6.mxl,2
C:\Python27\lib\site-packages\music21\corpus\bach\bwv73.5.mxl,2
C:\Python27\lib\site-packages\music21\corpus\bach\bwv352.mxl,2
C:\Python27\lib\site-packages\music21\corpus\bach\bwv93.7.mxl,2
C:\Python27\lib\site-packages\music21\corpus\bach\bwv161.6.mxl,2
C:\Python27\lib\site-packages\music21\corpus\bach\bwv103.6.mxl,2
C:\Python27\lib\site-packages\music21\corpus\bach\bwv416.mxl,2
C:\Python27\lib\site-packages\music21\corpus\bach\bwv266.mxl,2
C:\Python27\lib\site-packages\music21\corpus\bach\bwv26.6.mxl,2
C:\Python27\lib\site-packages\music21\corpus\bach\bwv354.mxl,2
C:\Python27\lib\site-packages\music21\corpus\bach\bwv306.mxl,2
C:\Python27\lib\site-packages\music21\corpus\bach\bwv248.59-6.mxl,2
C:\Python27\lib\site-packages\music21\corpus\bach\bwv153.1.mxl,2
C:\Python27\lib\site-packages\music21\corpus\bach\bwv149.7.mxl,2
C:\Python27\lib\site-packages\music21\corpus\bach\bwv427.mxl,2
C:\Python27\lib\site-packages\music21\corpus\bach\bwv355.mxl,2
C:\Python27\lib\site-packages\music21\corpus\bach\bwv343.mxl,2
C:\Python27\lib\site-packages\music21\corpus\bach\bwv278.mxl,2
C:\Python27\lib\site-packages\music21\corpus\bach\bwv267.xml,2
C:\Python27\lib\site-packages\music21\corpus\bach\bwv183.5.mxl,2
C:\Python27\lib\site-packages\music21\corpus\bach\bwv185.6.mxl,2
C:\Python27\lib\site-packages\music21\corpus\bach\bwv248.23-s.mxl,2
C:\Python27\lib\site-packages\music21\corpus\bach\bwv36.8-2.mxl,2
C:\Python27\lib\site-packages\music21\corpus\bach\bwv245.5.mxl,2
C:\Python27\lib\site-packages\music21\corpus\bach\bwv434.mxl,2
C:\Python27\lib\site-packages\music21\corpus\bach\bwv294.mxl,2
C:\Python27\lib\site-packages\music21\corpus\bach\bwv244.10.mxl,2
C:\Python27\lib\site-packages\music21\corpus\bach\bwv429.mxl,2
C:\Python27\lib\site-packages\music21\corpus\bach\bwv437.mxl,2
C:\Python27\lib\site-packages\music21\corpus\bach\bwv273.mxl,2
C:\Python27\lib\site-packages\music21\corpus\bach\bwv36.4-2.mxl,2
C:\Python27\lib\site-packages\music21\corpus\bach\bwv268.mxl,1
C:\Python27\lib\site-packages\music21\corpus\bach\bwv371.mxl,1
C:\Python27\lib\site-packages\music21\corpus\bach\bwv382.mxl,1
C:\Python27\lib\site-packages\music21\corpus\bach\bwv158.4.mxl,1
C:\Python27\lib\site-packages\music21\corpus\bach\bwv362.mxl,1
C:\Python27\lib\site-packages\music21\corpus\bach\bwv292.mxl,1
C:\Python27\lib\site-packages\music21\corpus\bach\bwv327.mxl,1
C:\Python27\lib\site-packages\music21\corpus\bach\bwv44.7.mxl,1
C:\Python27\lib\site-packages\music21\corpus\bach\bwv280.mxl,1
C:\Python27\lib\site-packages\music21\corpus\bach\bwv305.mxl,1
C:\Python27\lib\site-packages\music21\corpus\bach\bwv169.7.mxl,1
C:\Python27\lib\site-packages\music21\corpus\bach\bwv130.6.mxl,1
C:\Python27\lib\site-packages\music21\corpus\bach\bwv229.2.mxl,1
C:\Python27\lib\site-packages\music21\corpus\bach\bwv248.17.mxl,1
C:\Python27\lib\site-packages\music21\corpus\bach\bwv279.mxl,1
C:\Python27\lib\site-packages\music21\corpus\bach\bwv248.12-2.mxl,1
C:\Python27\lib\site-packages\music21\corpus\bach\bwv187.7.mxl,1
C:\Python27\lib\site-packages\music21\corpus\bach\bwv197.10.mxl,1
C:\Python27\lib\site-packages\music21\corpus\bach\bwv19.7.mxl,1
C:\Python27\lib\site-packages\music21\corpus\bach\bwv126.6.mxl,1
C:\Python27\lib\site-packages\music21\corpus\bach\bwv47.5.mxl,1
C:\Python27\lib\site-packages\music21\corpus\bach\bwv145.5.mxl,1
C:\Python27\lib\site-packages\music21\corpus\bach\bwv29.8.mxl,1
C:\Python27\lib\site-packages\music21\corpus\bach\bwv72.6.mxl,1
C:\Python27\lib\site-packages\music21\corpus\bach\bwv254.mxl,1
C:\Python27\lib\site-packages\music21\corpus\bach\bwv244.25.mxl,1
C:\Python27\lib\site-packages\music21\corpus\bach\bwv380.mxl,1
C:\Python27\lib\site-packages\music21\corpus\bach\bwv340.mxl,1
C:\Python27\lib\site-packages\music21\corpus\bach\bwv339.mxl,1
C:\Python27\lib\site-packages\music21\corpus\bach\bwv45.7.mxl,1
C:\Python27\lib\site-packages\music21\corpus\bach\bwv113.8.mxl,1
